condition_name,category,prevention,Theme
Abortion,Maternal/Reproductive,Promote personal and family understanding of basic reproductive health issues,Health Education
Abortion,Maternal/Reproductive,Provide access to efficient and effective higher levels of healthcare,Other Preventive Measures
Abortion,Maternal/Reproductive,Review existing laws on abortion (based on the guidelines from SOGON) with a view to promoting and protecting the overall wellbeing of mother and the unborn child,Health Education
Acne Vulgaris,Dermatological,"Avoid oil-based cosmetics, hair styling mousse, face creams and hair sprays",Other Preventive Measures
Acne Vulgaris,Dermatological,Avoid medicines that may induce acne,Other Preventive Measures
Acute Anterior Uveitis,Ophthalmology,No real preventive measures,Other Preventive Measures
Acute Coronary Syndrome,Cardiovascular,"Life style modifications including regular exercise, optimum weight, high fibre and low saturated fat diet; cessation of cigarette smoking and moderate alcohol intake",Dietary/Nutritional
Acute Coronary Syndrome,Cardiovascular,"Treatment of hypertension, diabetes and hyperlipidaemia",Dietary/Nutritional
Acute Coronary Syndrome,Cardiovascular,"Educate on benefits, outcome and complications of patient's condition and treatment modalities",Health Education
Acute Coronary Syndrome,Cardiovascular,Emphasize primary and secondary preventive measures as essential irrespective of treatment modality offered,Dietary/Nutritional
Acute Diarrhoea,Gastrointestinal,Communal and Personal hygiene,Hygiene/Sanitation
Acute Diarrhoea,Gastrointestinal,Potable water,Other Preventive Measures
Acute Diarrhoea,Gastrointestinal,Sanitary disposal of human waste,Other Preventive Measures
Acute Epiglottitis,Respiratory,"Haemophilus influenza vaccine: Child 2 months – 18 years: 0.5 mls, Should be part of childhood immunization",Vaccination/Immunisation
Acute Keratitis,Ophthalmology,Treat initial infection or trauma promptly to avoid progression to keratitis,Dietary/Nutritional
Acute Kidney Injury,Renal/Urological,Avoidance of nephrotoxins in all forms.,Other Preventive Measures
Acute Kidney Injury,Renal/Urological,Provision of pipe borne water.,Other Preventive Measures
Acute Kidney Injury,Renal/Urological,Prompt treatment of accident victims.,Dietary/Nutritional
Acute Kidney Injury,Renal/Urological,Prompt treatment of infections.,Dietary/Nutritional
Acute Kidney Injury,Renal/Urological,"Good maternal, child and reproductive health care",Other Preventive Measures
Acute Kidney Injury,Renal/Urological,Adequate hydration during contrast investigations,Other Preventive Measures
Acute Otitis Media,"ENT (Ear, Nose & Throat)",General healthy and clean airy environment reduces incidence of upper respiratory infections (colds),Hygiene/Sanitation
Alcohol Dependence (Alcoholism),Neurological/Mental,"Health education (including school health education, peer group education and self-help group e.g., alcoholics anonymous 'AA')",Health Education
Alcohol Dependence (Alcoholism),Neurological/Mental,Government regulation of alcohol use,Other Preventive Measures
Allergic Conjunctivitis,Ophthalmology,Avoid allergen(s) as much as possible in cases where it/they have been identified,Other Preventive Measures
Alveolar Osteitis (Dry Socket),Dental/Oral Health,Minimal trauma during extractions,Other Preventive Measures
Alveolar Osteitis (Dry Socket),Dental/Oral Health,"Immediately after extraction, squeeze socket edges firmly together and hold for a few minutes till clot has formed",Other Preventive Measures
Alveolar Osteitis (Dry Socket),Dental/Oral Health,"Antibiotics if patients have had irradiation, or have Paget's disease",Other Preventive Measures
Amoebiasis,Infectious/Tropical,Personal and communal hygiene,Hygiene/Sanitation
Amoebiasis,Infectious/Tropical,"Potable water, sanitary disposal of faeces",Other Preventive Measures
Amoebiasis,Infectious/Tropical,Screen of food handlers,Screening/Early Detection
Anaemias,Haematological,Balanced diet,Dietary/Nutritional
Anaemias,Haematological,Prompt treatment of all illnesses,Dietary/Nutritional
Anemia in Pregnancy,Maternal/Reproductive,Counselling on contraception,Health Education
Anemia in Pregnancy,Maternal/Reproductive,Adequate spacing of pregnancies,Other Preventive Measures
Anemia in Pregnancy,Maternal/Reproductive,Malaria prophylaxis in pregnancy,Other Preventive Measures
Anemia in Pregnancy,Maternal/Reproductive,Chemoprophylaxis against helminthiasis,Other Preventive Measures
Anemia in Pregnancy,Maternal/Reproductive,Prompt and appropriate treatment of febrile illnesses in pregnancy,Dietary/Nutritional
Anemia in Pregnancy,Maternal/Reproductive,Improvement of the socioeconomic status of the people,Other Preventive Measures
Anemia in Pregnancy,Maternal/Reproductive,Provision of accessible and affordable maternity care facilities,Other Preventive Measures
Antenatal Care (ANC),Maternal/Reproductive,Use of intermittent preventive treatment for malaria and nutritional supplements.,Dietary/Nutritional
Antenatal Care (ANC),Maternal/Reproductive,Pregnant women managing their own case notes to ensure continuity of care throughout pregnancy.,Other Preventive Measures
Anxiety Disorder,Neurological/Mental,Avoid undue and extreme stress,Other Preventive Measures
Anxiety Disorder,Neurological/Mental,Avoid psycho-active substances,Other Preventive Measures
Bacillary Dysentery,Infectious/Tropical,Personal and communal hygiene.,Hygiene/Sanitation
Bacillary Dysentery,Infectious/Tropical,"Potable water, sanitary disposal of faeces.",Other Preventive Measures
Bacterial Vaginosis,Maternal/Reproductive,Reduce or eliminate predisposing factors (antiseptic/antibiotic vaginal preparations or vaginal douching),Other Preventive Measures
Bacterial Vaginosis,Maternal/Reproductive,Treat symptomatic pregnant women,Dietary/Nutritional
Bacterial Vaginosis,Maternal/Reproductive,Screen pregnant women with a history of previous pre-term delivery to detect asymptomatic infections,Screening/Early Detection
Bacterial Vaginosis,Maternal/Reproductive,Retreat pregnant women with recurrence of symptoms,Dietary/Nutritional
Bacterial Vaginosis,Maternal/Reproductive,"Counselling, Compliance, Condom use and Contact treatment",Health Education
Bipolar Disorders,Neurological/Mental,No primary preventive measures are clearly delineated,Dietary/Nutritional
Bipolar Disorders,Neurological/Mental,Adherence to therapy with mood stabilizers until discontinuation is considered prudent (this is individually determined),Other Preventive Measures
Blood Transfusion,Haematological,Avoid/prevent accidents,Other Preventive Measures
Blood Transfusion,Haematological,Prompt treatment of illnesses that could be complicated by anaemia,Dietary/Nutritional
Blood Transfusion,Haematological,Regular medical check-ups,Other Preventive Measures
Bronchial Asthma,Respiratory,Avoid precipitating factors,Other Preventive Measures
Bronchial Asthma,Respiratory,Appropriate use of medicines,Other Preventive Measures
Bronchial Asthma,Respiratory,Training of patients in the techniques of the proper use of aerosols/spacer devices is important,Other Preventive Measures
Bronchiectasis,Respiratory,Avoidance of smoking,Other Preventive Measures
Bronchiectasis,Respiratory,Timely and effective treatment of bacterial infections,Dietary/Nutritional
Bronchiectasis,Respiratory,Respiratory care during childhood measles,Other Preventive Measures
Cancer of the Cervix,Oncology,Regular Papanicolaou smear screening,Screening/Early Detection
Cancer of the Cervix,Oncology,Visual inspection of the cervix after acetic acid lavage (VIA),Other Preventive Measures
Cancer of the Cervix,Oncology,Visual inspection of the cervix with lugol iodine (VIL),Other Preventive Measures
Cancer of the Cervix,Oncology,HPV vaccines,Vaccination/Immunisation
Cancer of the Cervix,Oncology,Avoidance of multiple sexual partners,Safe Sexual Practices
Cancer Therapy,Oncology,Screening and early detection,Screening/Early Detection
Cancer Therapy,Oncology,"Avoid tobacco smoking, chewing, snuffing, or passive smoking",Other Preventive Measures
Cancer Therapy,Oncology,Dietary modification,Dietary/Nutritional
Cancer Therapy,Oncology,"Control of infections e.g. vaccination (e.g. HBV, HPV)",Vaccination/Immunisation
Cancer Therapy,Oncology,Reduce exposure to ionizing radiation,Other Preventive Measures
Cancer Therapy,Oncology,Avoid occupational exposure to chemicals,Other Preventive Measures
Cancer Therapy,Oncology,Genetic risk assessment and counselling,Health Education
Cardiac Arrhythmias,Cardiovascular,"Prevention and prompt management of predisposing conditions such as hypertension, rheumatic heart disease, diabetes mellitus, ischaemic heart disease, congenital heart diseases etc",Other Preventive Measures
Cardiac Disease in Pregnancy,Maternal/Reproductive,Pre-pregnancy counselling on risks,Health Education
Cardiac Disease in Pregnancy,Maternal/Reproductive,Competent dental care under antibiotic cover,Other Preventive Measures
Cardiac Disease in Pregnancy,Maternal/Reproductive,"Adequate antenatal, intrapartum and postpartum care",Other Preventive Measures
Cardiac Disease in Pregnancy,Maternal/Reproductive,Early detection and management of pregnancy-induced hypertension,Screening/Early Detection
Cardiomyopathies,Cardiovascular,"You cannot prevent inherited types of cardiomyopathy. But you can take steps to lower your risk for conditions that may lead to (or complicate) cardiomyopathy, such coronary heart disease, high blood pressure and heart attack",Other Preventive Measures
Cardiomyopathies,Cardiovascular,"Cardiomyopathy can be precipitated by an underlying disease or condition. Treating that initial problem early enough may help prevent the complications presented by cardiomyopathy. For example, to control the underlying conditions of high blood pressure, high blood cholesterol and diabetes",Dietary/Nutritional
Cataract,Ophthalmology,Aspirin and other aspirin like analgesics have been found to delay cataracts in patients with diabetes and rheumatoid arthritis,Other Preventive Measures
Cataract,Ophthalmology,Antioxidant vitamins - Vitamin C has been found to have a protective effect against nuclear and posterior subcapsular cataracts. Vitamin E has also been found to protect against nuclear and cortical cataract,Other Preventive Measures
Cellulitis,Dermatological,Early treatment of carious teeth,Dietary/Nutritional
Cellulitis,Dermatological,Treat any wound promptly,Dietary/Nutritional
Cervical Cancer,Oncology,Screening tests,Screening/Early Detection
Cervical Cancer,Oncology,Timely follow up,Other Preventive Measures
Cervical Cancer,Oncology,HPV vaccination,Vaccination/Immunisation
"Chancroid (Ulcus Molle, Soft Chancre)",Infectious/Tropical,Counselling,Health Education
"Chancroid (Ulcus Molle, Soft Chancre)",Infectious/Tropical,Compliance,Other Preventive Measures
"Chancroid (Ulcus Molle, Soft Chancre)",Infectious/Tropical,Condom use,Safe Sexual Practices
"Chancroid (Ulcus Molle, Soft Chancre)",Infectious/Tropical,Contact treatment,Dietary/Nutritional
Chlamydial Infection (Other Than Lymphogranuloma Venereum),Infectious/Tropical,"Counselling, Compliance, Condom use and Contact treatment",Health Education
Cholera,Infectious/Tropical,Personal and communal hygiene,Hygiene/Sanitation
Cholera,Infectious/Tropical,"Potable water, sanitary disposal of faeces",Other Preventive Measures
Cholera,Infectious/Tropical,Cholera vaccine,Vaccination/Immunisation
Chronic Lymphocytic Leukaemia,Oncology,Avoid chemicals on body (e.g. benzene),Other Preventive Measures
Chronic Lymphocytic Leukaemia,Oncology,Avoid ionizing radiation (X rays),Other Preventive Measures
Chronic Lymphocytic Leukaemia,Oncology,Early detection and treatment,Screening/Early Detection
Chronic Myeloid Leukaemia (CML),Oncology,Avoid exposure to ionizing radiation,Other Preventive Measures
Chronic Myeloid Leukaemia (CML),Oncology,Early detection and treatment,Screening/Early Detection
Gonorrhea in Children,Infectious/Tropical,"Counselling, Compliance, Condom use and Contact treatment",Health Education
Gonorrhea in Children,Infectious/Tropical,Ocular prophylaxis provides poor protection against C. trachomatis conjunctivitis,Other Preventive Measures
Gonorrhea in Children,Infectious/Tropical,Clean the eyes carefully immediately after birth,Hygiene/Sanitation
Gonorrhea in Children,Infectious/Tropical,The application of 1% silver nitrate solution or 1% tetracycline ointment to the eyes of all infants at the time of delivery is strongly recommended as a prophylactic measure,Other Preventive Measures
Gonorrhea in Children,Infectious/Tropical,Infants born to mothers with gonococcal infection should receive additional antibiotic treatment (as those with clinical neonatal conjunctivitis),Dietary/Nutritional
Colorectal Cancer,Oncology,Adenomatous polyps,Other Preventive Measures
Colorectal Cancer,Oncology,familial polyposis coli,Other Preventive Measures
Colorectal Cancer,Oncology,Dietary risk factors,Dietary/Nutritional
Colorectal Cancer,Oncology,Obesity,Other Preventive Measures
Colorectal Cancer,Oncology,Sedentary lifestyle,Lifestyle/Exercise
Colorectal Cancer,Oncology,Schistosomiasis,Other Preventive Measures
Colorectal Cancer,Oncology,uretero-sigmoidostomy,Other Preventive Measures
Congenital Heart Disease,Cardiovascular,Pre-conception nutrition education,Health Education
Congenital Heart Disease,Cardiovascular,Antenatal care,Other Preventive Measures
Congenital Heart Disease,Cardiovascular,Genetic counselling,Health Education
Coronavirus Disease (COVID-19),Infectious/Tropical,Non-pharmacological interventions,Other Preventive Measures
Coronavirus Disease (COVID-19),Infectious/Tropical,Vaccination,Vaccination/Immunisation
Cutaneous Larva Migrans (Creeping Eruption),Dermatological,Avoid direct contact of skin with sand,Other Preventive Measures
Decubitus (Pressure) Ulcers,Dermatological,"Address modifiable risk factors e.g. dry skin, immobility, nutritional factors, etc.",Dietary/Nutritional
Decubitus (Pressure) Ulcers,Dermatological,Incidence can be reduced up to 30% with aggressive prevention/intervention strategies,Other Preventive Measures
Decubitus (Pressure) Ulcers,Dermatological,A multi-disciplinary wound team is an asset,Other Preventive Measures
Decubitus (Pressure) Ulcers,Dermatological,"Pressure relief: Improve mobility, Frequent turning, Pressure-relieving devices",Other Preventive Measures
Decubitus (Pressure) Ulcers,Dermatological,"Nutritional Interventions: Increase daily caloric intake for malnourished patients, Achieve daily protein intake, No routine supplementation with vitamin C or zinc unless deficiency is demonstrated, High serum zinc levels may interfere with healing",Dietary/Nutritional
Deep Vein Thrombosis,Cardiovascular,Low molecular weight heparin 5000 units subcutaneously every 12 hours,Other Preventive Measures
Deep Vein Thrombosis,Cardiovascular,Early mobilization,Other Preventive Measures
Delirium,Neurological/Mental,Early treatment of infective and metabolic conditions,Dietary/Nutritional
Delirium,Neurological/Mental,Care with the use of drugs (especially anticholinergic medications) in the elderly,Other Preventive Measures
Delirium,Neurological/Mental,Identify potential risk factors and avoid or mitigate them,Other Preventive Measures
Dental Caries,Dental/Oral Health,Oral health education,Health Education
Dental Caries,Dental/Oral Health,Regular scaling and polishing,Other Preventive Measures
Dental Caries,Dental/Oral Health,Systemic and topical fluoride application,Other Preventive Measures
Dental Caries,Dental/Oral Health,Fissure sealants,Other Preventive Measures
Dental Caries,Dental/Oral Health,Routine dental check-ups,Other Preventive Measures
Depression,Neurological/Mental,Recurrence is reduced by continuing medication for at least 6 months after acute symptoms resolve,Other Preventive Measures
Dermatophyte Infections (Tinea),Dermatological,"Do not share combs, hair brushes, school caps, shoes, socks or underwear",Other Preventive Measures
Dermatophyte Infections (Tinea),Dermatological,Keep the feet dry; avoid tight-fitting covered shoes,Other Preventive Measures
Dermatophyte Infections (Tinea),Dermatological,Aerate the feet as often as possible,Other Preventive Measures
Dermatophyte Infections (Tinea),Dermatological,Use good antifungal powder on the feet after bathing e.g. Tolnaftate 1% powder,Other Preventive Measures
Dermatophyte Infections (Tinea),Dermatological,Reduce perspiration and enhance evaporation from the crural areas by wearing loose pants (e.g. boxer pants) made of absorbent cotton fabric,Other Preventive Measures
Dermatophyte Infections (Tinea),Dermatological,"Apply plain talcum powder or antifungal powders in the flexures e.g. armpits, under the breasts, in the groin area",Other Preventive Measures
Dermatophyte Infections (Tinea),Dermatological,"Avoid exposure to animals with ringworm (M. canis) especially cats, dogs and (less commonly), horses and cattle",Other Preventive Measures
Dermatophyte Infections (Tinea),Dermatological,Excessive perspiration is the most common predisposing factor in adult Tinea corporis,Other Preventive Measures
Dermatophyte Infections (Tinea),Dermatological,"Avoid excessively hot, humid environments, or take a cold shower after sweating",Dietary/Nutritional
Diabetic Foot Problems,Endocrine/Metabolic,"Education, anticipation, early recognition and prompt management",Health Education
Dizziness,"ENT (Ear, Nose & Throat)",Avoid precipitants which should be identified early for effective prevention,Other Preventive Measures
Elder Mistreatment,Geriatric,"Recognize warning signs (in the older adult, caregiver, home or institution) and intervene",Other Preventive Measures
Epistaxis,"ENT (Ear, Nose & Throat)",Avoid/treat predisposing conditions,Dietary/Nutritional
Exfoliative Dermatitis (Erythroderma),Dermatological,"Avoid over-treatment of skin diseases and polypharmacy, generally",Dietary/Nutritional
Exfoliative Dermatitis (Erythroderma),Dermatological,"Do not abuse the skin with ""medicated"" soaps and herbal concoctions (topical and oral)",Other Preventive Measures
Exfoliative Dermatitis (Erythroderma),Dermatological,Get appropriate management of skin disease(s) from qualified personnel,Other Preventive Measures
Falls,Geriatric,"Vitamin D 800 IU daily plus calcium 1,200 mg for all older adults at risk of falling",Other Preventive Measures
Falls,Geriatric,"Environmental modification: Adequate lighting, preferably with switches located at entrances to rooms or hallways, Arrange furniture to avoid obstruction, Clean up spills without delay, Light source (e.g. flashlight) to be kept handy in the event of power failure, Non-skid mats in bath tubs, Provide elevated toilet seats, Provide handrails on both sides of bathroom",Hygiene/Sanitation
Falls,Geriatric,Address predisposing factors,Other Preventive Measures
Falls,Geriatric,"Educate patients on: Proper use of assistive devices, Arising and changing position slowly, Signs and symptoms of hypoglycaemia, Examine eyes regularly, Maintain adequate hydration, Provide frequent, small meals, Encourage rest after meals",Health Education
Food Poisoning,Infectious/Tropical,Environmental and personal hygiene,Hygiene/Sanitation
Food Poisoning,Infectious/Tropical,Hand washing with soap and water.,Hygiene/Sanitation
Food Poisoning,Infectious/Tropical,Decontamination of water supplies by chlorination.,Other Preventive Measures
Food Poisoning,Infectious/Tropical,Use of sanitary latrines or toilets,Other Preventive Measures
Food Poisoning,Infectious/Tropical,Identify and treat chronic carriers among food handlers.,Dietary/Nutritional
Food Poisoning,Infectious/Tropical,Hygienic preparation and storage of food and water,Hygiene/Sanitation
Food Poisoning,Infectious/Tropical,Ensure that food is cooked at temperatures sufficient to kill bacteria.,Dietary/Nutritional
Food Poisoning,Infectious/Tropical,Refrigerate food whenever possible.,Dietary/Nutritional
Food Poisoning,Infectious/Tropical,Encourage exclusive breastfeeding.,Other Preventive Measures
Food Poisoning,Infectious/Tropical,Encourage measures to reduce the burden of malnutrition (with its attendant predisposition to severe infections),Dietary/Nutritional
Food Poisoning,Infectious/Tropical,"Administer a pentavalent vaccine (A, B, C, D, and E) for persons at high risk of botulism.",Vaccination/Immunisation
Food Poisoning,Infectious/Tropical,Report new cases to public health authorities,Other Preventive Measures
Foreign Bodies in the Airways,Surgical/Emergency,Vigilant supervision of young children,Other Preventive Measures
Foreign Bodies in the Ear,"ENT (Ear, Nose & Throat)",Vigilant supervision of young children,Other Preventive Measures
Foreign Bodies in the Nose and Rhinoliths,"ENT (Ear, Nose & Throat)",Vigilant supervision of young children,Other Preventive Measures
Frailty,Geriatric,Identify patients who are pre-frail and intervene to return to robustness,Other Preventive Measures
Frailty,Geriatric,Exercise (endurance and muscle strengthening; stretching and balance exercises),Lifestyle/Exercise
Frailty,Geriatric,Nutrition (healthy food; supplements as indicated),Dietary/Nutritional
Frailty,Geriatric,Reduce chronic disease prevalence,Other Preventive Measures
Frailty,Geriatric,Treat sarcopenia,Dietary/Nutritional
Frailty,Geriatric,Promote healthy aging,Health Education
Gastritis,Gastrointestinal,"Avoid risk factors (NSAIDs, alcohol, etc)",Other Preventive Measures
Giardiasis,Infectious/Tropical,Good Communal and Personal hygiene,Hygiene/Sanitation
Giardiasis,Infectious/Tropical,Potable water.,Other Preventive Measures
Glaucoma,Ophthalmology,Early detection and prompt treatment,Screening/Early Detection
Glaucoma,Ophthalmology,Screening for glaucoma should be incorporated into the health plan of any nation,Screening/Early Detection
Granuloma Inguinale (Donovanosis Granuloma Venereum),Infectious/Tropical,"Counselling, Compliance, Condom use and Contact treatment",Health Education
Guinea Worm Disease (Dracunculiasis),Infectious/Tropical,Provide universal access to safe and portable water,Other Preventive Measures
Guinea Worm Disease (Dracunculiasis),Infectious/Tropical,"In hyperendemic areas, treat the whole population twice yearly with ivermectin",Dietary/Nutritional
Heart Failure,Cardiovascular,Adequate treatment of hypertension and diabetes mellitus,Dietary/Nutritional
Heart Failure,Cardiovascular,Good sanitation and personal hygiene (to prevent rheumatic fever),Hygiene/Sanitation
Helminthiasis,Infectious/Tropical,Good personal and food hygiene,Hygiene/Sanitation
Helminthiasis,Infectious/Tropical,Access to safe and potable water,Other Preventive Measures
Helminthiasis,Infectious/Tropical,Regular deworming,Other Preventive Measures
Helminthiasis,Infectious/Tropical,Adequate cooking of food and meats,Dietary/Nutritional
Hepatocellular Carcinoma (HCC),Oncology,Hepatitis B screening and vaccination,Vaccination/Immunisation
Hepatocellular Carcinoma (HCC),Oncology,Abdominal USS/CT,Other Preventive Measures
Hepatocellular Carcinoma (HCC),Oncology,Serological markers: α-fetoprotein,Other Preventive Measures
Human Immunodeficiency Virus (HIV) Infection,Infectious/Tropical,ART for pregnant and breastfeeding women,Other Preventive Measures
Human Immunodeficiency Virus (HIV) Infection,Infectious/Tropical,Nevirapine and AZT for infants,Other Preventive Measures
Human Immunodeficiency Virus (HIV) Infection,Infectious/Tropical,Cotrimoxazole prophylaxis for HIV-exposed infants,Other Preventive Measures
Human Immunodeficiency Virus (HIV) Infection,Infectious/Tropical,Three-drug ARV regimen for PEP,Other Preventive Measures
Human Immunodeficiency Virus (HIV) Infection,Infectious/Tropical,PrEP for high-risk individuals,Other Preventive Measures
Human Immunodeficiency Virus (HIV) Infection,Infectious/Tropical,"Behavioural interventions: Abstinence, fidelity, condom use, delay sexual activity",Safe Sexual Practices
Hyperlipidaemia,Endocrine/Metabolic,Dietary manipulation,Dietary/Nutritional
Hyperlipidaemia,Endocrine/Metabolic,Early identification of individuals at risk,Other Preventive Measures
Hypertension,Cardiovascular,Weight reduction,Other Preventive Measures
Hypertension,Cardiovascular,Exercise moderately and regularly,Lifestyle/Exercise
Hypertension,Cardiovascular,Public education,Health Education
Hypertension,Cardiovascular,Individual and Population based approaches,Other Preventive Measures
Hypertension,Cardiovascular,Advocacy for the positive lifestyle change,Lifestyle/Exercise
Hypothyroidism (Myxoedema),Endocrine/Metabolic,Iodinated salt to prevent iodine deficiency,Other Preventive Measures
Infective Conjunctivitis,Ophthalmology,Wash hands thoroughly after any unhygienic procedure,Hygiene/Sanitation
Infective Conjunctivitis,Ophthalmology,Avoid sharing towels used for cleaning face,Hygiene/Sanitation
Infective Endocarditis,Infectious/Tropical,Prophylactic antibiotics for patients at risk who are undergoing dental procedures under local or no anaesthesia,Other Preventive Measures
Infective Endocarditis,Infectious/Tropical,"For those who have NOT had endocarditis, and have NOT received more than a single dose of penicillin in the last one month: Amoxicillin: Adult: 3 g orally 1 hr before procedure, Child: Under 5 years: 750 mg orally 1 hour before procedure, 5- 10 years: 1.5 g",Other Preventive Measures
Infective Endocarditis,Infectious/Tropical,"For penicillin-allergic patients or patients who have received more than a single dose of a penicillin in the previous one month: Azithromycin: Adult: 500 mg orally one hour before procedure, Child: Under 5 years: 200 mg orally, 5 - 10 years: 300 mg",Other Preventive Measures
Infective Endocarditis,Infectious/Tropical,Patients who have had endocarditis: Amoxicillin plus gentamicin intravenously as for procedures under general anaesthesia,Other Preventive Measures
Infective Endocarditis,Infectious/Tropical,"Dental procedures under general anaesthesia, and no special risk: Amoxicillin: Adult: 1 g intravenously at induction of anaesthesia; mg orally 6 hours later, Child: Under 5 years: a quarter of adult dose, 5 - 10 years: half adult dose OR Adult: 3 g orally 4 hours before induction, then 3g as soon as possible after the procedure, Child: Under 5 years: a quarter of adult dose, 5 - 10 years: half adult dose",Other Preventive Measures
Infective Endocarditis,Infectious/Tropical,"Special risk, e.g. previous infective endocarditis, or patients with prosthetic valves: Amoxicillin plus gentamicin intravenously Adult: 1 g amoxicillin plus 120 mg gentamicin at induction then oral amoxicillin 500 mg 6 hours after procedure, Child: Under 5 years: a quarter of adult dose of plus 2 mg/kg gentamicin intravenously at induction, 5 - 10 years: half adult dose for amoxicillin; 2 mg/kg gentamicin",Other Preventive Measures
Infective Endocarditis,Infectious/Tropical,"Patients who are penicillin-allergic or have received more than a single dose of a penicillin in the last one month: Vancomycin: Adult: 1 g intravenously over at least 100 minutes, Child under 10 years: Vancomycin 20 mg/kg Plus Gentamicin: Adult: 120 mg intravenously - Given at induction or 15 minutes before procedure, Child under 10 years: Vancomycin 20 mg/kg",Other Preventive Measures
Infective Endocarditis,Infectious/Tropical,Genito-urinary tract manipulation as for special risk patients undergoing dental procedures under general anaesthesia,Other Preventive Measures
Infective Endocarditis,Infectious/Tropical,"Obstetrics, gynaecological and gastrointestinal procedures as for genitourinary tract manipulation",Screening/Early Detection
Insomnia,Neurological/Mental,Reduced stress exposure,Other Preventive Measures
Insomnia,Neurological/Mental,"Caution with alcohol and psychoactive substances, such as coffee, kolanut",Other Preventive Measures
Insomnia,Neurological/Mental,"Discourage misuse of ""sleeping pills"" e.g., bromazepam, diazepam",Other Preventive Measures
Lichen Planus,Dermatological,Avoid precipitating drugs,Other Preventive Measures
Liver Cirrhosis,Gastrointestinal,Immunization against hepatitis A and B,Vaccination/Immunisation
Liver Cirrhosis,Gastrointestinal,Abstinence from alcohol.,Other Preventive Measures
Lung Abscess,Respiratory,Good dental care,Other Preventive Measures
Lung Abscess,Respiratory,Adequate treatment of acute pneumonia,Dietary/Nutritional
Lung Abscess,Respiratory,Preventive with vaccination in persons at risk,Vaccination/Immunisation
Lung Abscess,Respiratory,HIV infected patients who are still capable of responding to a vaccine challenge.,Vaccination/Immunisation
Lung Abscess,Respiratory,Patients with recurrent sinopulmonary infection,Other Preventive Measures
Lung Abscess,Respiratory,Patients with or acquired hypogammaglobulinaemia,Other Preventive Measures
Lung Cancer,Oncology,Avoidance of smoking including secondhand smoke,Other Preventive Measures
Lung Cancer,Oncology,Reducing occupational exposure to lung carcinogens,Other Preventive Measures
Lung Cancer,Oncology,Reduction of air pollution,Other Preventive Measures
Lymphogranuloma Venereum,Infectious/Tropical,Counselling,Health Education
Lymphogranuloma Venereum,Infectious/Tropical,Compliance,Other Preventive Measures
Lymphogranuloma Venereum,Infectious/Tropical,Condom use,Safe Sexual Practices
Lymphogranuloma Venereum,Infectious/Tropical,Contact treatment,Dietary/Nutritional
Lymphomas,Oncology,Avoid unnecessary exposure to irradiation and chemicals,Other Preventive Measures
Mastoiditis,"ENT (Ear, Nose & Throat)",Adequate and timely treatment of acute otitis media,Dietary/Nutritional
Measles (Rubeola),Infectious/Tropical,Isolation precaution from the 5th day of exposure until 5 days after appearance of the rash,Other Preventive Measures
Measles (Rubeola),Infectious/Tropical,Measles vaccine at 9 months,Vaccination/Immunisation
Measles (Rubeola),Infectious/Tropical,"Vaccine may be given at 6 months for measles post-exposure, and in outbreak prophylaxis",Vaccination/Immunisation
Measles (Rubeola),Infectious/Tropical,Post-exposure prophylaxis: Passive immunization with immune globulin within 6 days of exposure,Vaccination/Immunisation
Meningitis,Infectious/Tropical,"Immunization of close contacts against communicable diseases - Meningococcus, Haemophilus, Streptococcus",Vaccination/Immunisation
Meningitis,Infectious/Tropical,Chemoprophylaxis (rifampicin or ciprofloxacin),Other Preventive Measures
Micronutrient Deficiencies,Nutritional,Nutritional counseling,Health Education
Micronutrient Deficiencies,Nutritional,"Adequate intake of locally available, nutritious foods",Dietary/Nutritional
Micronutrient Deficiencies,Nutritional,Prophylactic therapies for malaria,Other Preventive Measures
Migraines,Neurological/Mental,Reduce stress levels and avoid precipitants which must be identified for effective prevention,Other Preventive Measures
Migraines,Neurological/Mental,"Prophylactic medications if attacks last more than 15 days a month, or are severely incapacitating (in the absence of other causes)",Other Preventive Measures
Migraines,Neurological/Mental,"Early detection and management of refractive errors, sinusitis, otorhinolaryngologic and dental problems.",Screening/Early Detection
Molluscum Contagiosum,Infectious/Tropical,Avoid direct skin contact with an infected person,Other Preventive Measures
Myiasis,Dermatological,Iron clothes that are dried in the open air,Other Preventive Measures
Myocarditis,Cardiovascular,"Prevent infection (viral, bacterial, etc)",Other Preventive Measures
Myocarditis,Cardiovascular,Prevent exposure to toxins,Other Preventive Measures
Myocarditis,Cardiovascular,Nutrition education,Health Education
Malaria,Infectious/Tropical,Reduce the frequency of mosquito bites by avoiding exposure to mosquitoes at their peak feeding times.,Vector Control
Malaria,Infectious/Tropical,Use insect repellants.,Other Preventive Measures
Malaria,Infectious/Tropical,Put on suitable clothing.,Other Preventive Measures
Malaria,Infectious/Tropical,Use insecticide-impregnated bed nets (ITN),Vector Control
Malaria,Infectious/Tropical,"Chemoprohylaxis is indicated for children born to non-immune mothers in endemic areas, pregnant women, travellers to endemic areas, and people with sickle cell anaemia.",Other Preventive Measures
Malaria,Infectious/Tropical,Mefloquine and Atovaquone-Proguanil are recommended for use in Nigeria.,Other Preventive Measures
Malaria,Infectious/Tropical,Chemoprophylaxis is not recommended for individuals living with areas of intense transmission.,Other Preventive Measures
Nasal Allergy,"ENT (Ear, Nose & Throat)","Avoid known allergenic substances, inhalants, foods, etc",Dietary/Nutritional
Nephrotic Syndrome,Renal/Urological,Avoid nephrotoxins,Other Preventive Measures
Nephrotic Syndrome,Renal/Urological,Treat bites and stings to prevent p haemolytic streptococcal infection,Dietary/Nutritional
Onchocerciasis (River Blindness),Infectious/Tropical,Use biodegradable insecticides to kill flies,Vector Control
Onchocerciasis (River Blindness),Infectious/Tropical,Netting and repellents remain crucial,Vector Control
Onchocerciasis (River Blindness),Infectious/Tropical,Provide access to safe and portable water,Other Preventive Measures
Onchocerciasis (River Blindness),Infectious/Tropical,"In hyperendemic areas, treat the whole population twice yearly with ivermectin",Dietary/Nutritional
Ophthalmia Neonatorum,Paediatric,Apply tetracycline eye ointment or silver nitrate drops in both eyes of neonates immediately after delivery,Other Preventive Measures
Ophthalmia Neonatorum,Paediatric,Proper antenatal care for early detection of infection in mothers,Screening/Early Detection
Oral Thrush (Candidiasis),Dental/Oral Health,"Manage any underlying predisposing factors like denture wearing, reduced salivation, antibiotic therapy, poorly controlled diabetes mellitus, steroid therapy, salivary gland damage, malnutrition, HIV infection and leukaemia, deficiencies like iron, vitamin B, folic acid and agranulocytosis",Dietary/Nutritional
Otitis Externa,"ENT (Ear, Nose & Throat)",Avoid trauma to ear canal (especially scratching),Other Preventive Measures
Otitis Externa,"ENT (Ear, Nose & Throat)",Keep ears dry,Other Preventive Measures
Solid Tumours in Surgical Practice,Oncology,Surgery for precancerous conditions like orchidectomy to prevent testicular cancer,Screening/Early Detection
Solid Tumours in Surgical Practice,Oncology,Prophylactic removal of predisposed organs in hereditary diseases like germline BRCA mutations,Other Preventive Measures
Osteoarthritis,Musculoskeletal,Reduce weight,Other Preventive Measures
Osteoarthritis,Musculoskeletal,Regular exercise,Lifestyle/Exercise
Panic Disorder,Neurological/Mental,No specific primary prevention measures,Other Preventive Measures
Parkinsonism,Neurological/Mental,Avoid identified causative agents where feasible,Other Preventive Measures
Parkinsonism,Neurological/Mental,Timely and appropriate treatment to prevent/reduce complications,Dietary/Nutritional
Pediculosis (Lice),Dermatological,Improve personal hygiene,Hygiene/Sanitation
Pediculosis (Lice),Dermatological,"Do not share hair combs, brushes, clothing, pants and pillows",Other Preventive Measures
Pelvic Inflammatory Diseases,Maternal/Reproductive,Encourage the use of barrier contraceptive with spermicides,Other Preventive Measures
Pelvic Inflammatory Diseases,Maternal/Reproductive,Modify risky sexual behaviour: avoid multiplicity of sexual partners,Safe Sexual Practices
Pelvic Inflammatory Diseases,Maternal/Reproductive,Contact tracing: to break the existing chain of infection and prevent recurrence,Other Preventive Measures
Pelvic Inflammatory Diseases,Maternal/Reproductive,Prompt diagnosis and treatment to prevent long-term complications,Dietary/Nutritional
Pericarditis,Cardiovascular,Avoid radiation,Other Preventive Measures
Pericarditis,Cardiovascular,Prevent infection,Other Preventive Measures
Periodontitis,Dental/Oral Health,Oral health education,Health Education
Periodontitis,Dental/Oral Health,Scaling and polishing every six months,Other Preventive Measures
Peripheral Vascular Disease,Cardiovascular,"Advice against smoking, high cholesterol and high blood pressure",Other Preventive Measures
Peritonsillar Abscess (Quinsy),"ENT (Ear, Nose & Throat)",Elective tonsillectomy is advised after an episode of quinsy to prevent further (more severe) attacks,Other Preventive Measures
Pityriasis Versicolor (Tinea Versicolor),Dermatological,"Avoid hot, humid environments or clothing that promote perspiration",Health Education
Pityriasis Versicolor (Tinea Versicolor),Dermatological,Take a cold shower after perspiration,Other Preventive Measures
Pityriasis Versicolor (Tinea Versicolor),Dermatological,Use any of the above shampoo washes once a month if predisposed,Hygiene/Sanitation
Plaque-Induced Gingivitis,Dental/Oral Health,Oral health education,Health Education
Plaque-Induced Gingivitis,Dental/Oral Health,Scaling and polishing every six months,Other Preventive Measures
Pneumonia,Respiratory,Pneumococcal vaccine,Vaccination/Immunisation
Pneumonia,Respiratory,Haemophilus influenzae vaccine,Vaccination/Immunisation
Poliomyelitis,Infectious/Tropical,Hygienic practices,Hygiene/Sanitation
Poliomyelitis,Infectious/Tropical,To prevent / limit contamination of food and water by the virus,Dietary/Nutritional
Poliomyelitis,Infectious/Tropical,Vaccination: The only effective method of Prevention,Vaccination/Immunisation
Poliomyelitis,Infectious/Tropical,"Oral Polio Vaccine: Given at Birth, 6 weeks,10 weeks,14 weeks",Vaccination/Immunisation
Poliomyelitis,Infectious/Tropical,Highly effective,Other Preventive Measures
Poliomyelitis,Infectious/Tropical,50% immune after 1 dose,Other Preventive Measures
Poliomyelitis,Infectious/Tropical,Greater than 95% immune after 3 doses,Dietary/Nutritional
Poliomyelitis,Infectious/Tropical,Confers herd immunity,Other Preventive Measures
Poliomyelitis,Infectious/Tropical,Immunity probably life long,Other Preventive Measures
Poliomyelitis,Infectious/Tropical,Limits spread of wild polio virus,Other Preventive Measures
Poliomyelitis,Infectious/Tropical,Inactivated Polio Vaccine: Given at 2 months 4 months 12 months,Vaccination/Immunisation
Poliomyelitis,Infectious/Tropical,Highly effective,Other Preventive Measures
Poliomyelitis,Infectious/Tropical,90% immune after 2 doses,Other Preventive Measures
Poliomyelitis,Infectious/Tropical,99% immune after 3 doses,Other Preventive Measures
Poliomyelitis,Infectious/Tropical,Duration of immunity not known with certainty,Other Preventive Measures
Poliomyelitis,Infectious/Tropical,Hygienic practices,Hygiene/Sanitation
Poliomyelitis,Infectious/Tropical,To prevent / limit contamination of food and water by the virus,Dietary/Nutritional
Poliomyelitis,Infectious/Tropical,Vaccination: The only effective method of Prevention,Vaccination/Immunisation
Poliomyelitis,Infectious/Tropical,"Oral Polio Vaccine Given at: Birth, 6 weeks,10 weeks,14 weeks",Vaccination/Immunisation
Poliomyelitis,Infectious/Tropical,Highly effective,Other Preventive Measures
Poliomyelitis,Infectious/Tropical,50% immune after 1 dose,Other Preventive Measures
Poliomyelitis,Infectious/Tropical,>95% immune after 3 doses,Other Preventive Measures
Poliomyelitis,Infectious/Tropical,Confers herd immunity,Other Preventive Measures
Poliomyelitis,Infectious/Tropical,Immunity probably lifelong,Other Preventive Measures
Poliomyelitis,Infectious/Tropical,Limits spread of wild polio virus,Other Preventive Measures
Poliomyelitis,Infectious/Tropical,Inactivated Polio Vaccine Given at 2 months 4 months 12 months,Vaccination/Immunisation
Poliomyelitis,Infectious/Tropical,Highly effective,Other Preventive Measures
Poliomyelitis,Infectious/Tropical,90% immune after 2 doses,Other Preventive Measures
Poliomyelitis,Infectious/Tropical,99% immune after 3 doses,Other Preventive Measures
Poliomyelitis,Infectious/Tropical,Duration of immunity not known with certainty,Other Preventive Measures
Prevention and Control of Surgical Site Infection,Surgical/Emergency,"Wounds are classified into I Clean (Risk of SSI, >2%), II Clean contaminated (Risk of SSI, 4-8%), III Contaminated (Risk of SSI >20%), IV Dirty/Infected (Risk of SSI <40%)",Hygiene/Sanitation
Prevention and Control of Surgical Site Infection,Surgical/Emergency,Prophylactic antibiotics for Prevention of SSI,Other Preventive Measures
Prevention of Blood Loss and Blood Transfusion in Surgery,Haematological,Screening for communicable diseases before transfusion,Screening/Early Detection
Prevention of Blood Loss and Blood Transfusion in Surgery,Haematological,Adequate grouping and cross-matching before transfusion,Other Preventive Measures
Prevention of Blood Loss and Blood Transfusion in Surgery,Haematological,Store blood at appropriate temperature,Other Preventive Measures
Prevention of Blood Loss and Blood Transfusion in Surgery,Haematological,Use blood fractions whenever possible,Other Preventive Measures
Prevention of Blood Loss and Blood Transfusion in Surgery,Haematological,Use autologous blood whenever possible,Other Preventive Measures
Prevention of Blood Loss and Blood Transfusion in Surgery,Haematological,Adequate evaluation before transfusion,Other Preventive Measures
Prevention of Diabetes,Endocrine/Metabolic,"Obesity and physical inactivity are the major modifiable risk factors, and should be avoided/corrected",Lifestyle/Exercise
Prevention of Diabetes,Endocrine/Metabolic,Onset of diabetes can be delayed in people at high risk by active lifestyle modification,Lifestyle/Exercise
Prevention of Diabetes,Endocrine/Metabolic,"Lifestyle modification should be the cornerstone of preventative strategies in the following categories of people: Age > 45 years, Overweight and obesity (BMI > 25 kg/m2), Physical inactivity, First degree relatives with diabetes, Previous gestational diabetes, Previously identified IGT or IFG, Dyslipidaemia, Hypertension",Lifestyle/Exercise
Priapism,Renal/Urological,Avoid causative drugs,Other Preventive Measures
Pruritus,Dermatological,Use a cleansing bar (instead of soap) for baths,Hygiene/Sanitation
Pruritus,Dermatological,Pat rather than rub skin dry after bath and immediately lubricate skin with petroleum jelly or emulsifying ointment,Other Preventive Measures
Psoriasis,Dermatological,"Avoid exacerbating factors e.g. abrasions, scratches, harsh fibre bathing sponges, and the drugs listed",Other Preventive Measures
Psoriasis,Dermatological,Prevent streptococcal sore throat and treat promptly when it occurs,Dietary/Nutritional
Pulmonary Oedema,Respiratory,Treat cause(s) of cardiac failure or fluid overload (e.g. renal failure),Dietary/Nutritional
Pulmonary Oedema,Respiratory,Judicious administration of blood and intravenous fluids,Other Preventive Measures
Pulpitis,Dental/Oral Health,Prevent dental caries (the most important cause of pulpitis),Other Preventive Measures
Pulpitis,Dental/Oral Health,Seek prompt dental attention,Other Preventive Measures
Rabies,Infectious/Tropical,"Pre-exposure prophylaxis should be offered to persons at high risk of exposure and/or contact with rabies virus: Veterinarians, Cave explorers, Laboratory workers who handle the rabies virus, Animal handlers, Workers in quarantine stations, Field workers who are likely to be bitten by infected wild animals, Certain port officials, Bat handlers, Persons living in (or traveling to) areas where rabies is enzootic and/or where there is limited access to prompt medical care.",Other Preventive Measures
Rabies,Infectious/Tropical,Those caring for patients with rabies. Although there is no proven evidence of human transmission.,Other Preventive Measures
Rabies,Infectious/Tropical,"If there is substantial risk of exposure, and rapid access to post-exposure prophylaxis is limited, give pre-exposure prophylaxis Rabies vaccine PrEP schedule - 2-site ID vaccine administered on days 0 and 7 or 1-site IM vaccine administration on days 0 and 7. (1 ml by deep subcutaneous or intramuscular injection in the deltoid region). Booster doses every 2 - 3 years for those at continued risk.",Vaccination/Immunisation
Rape,Maternal/Reproductive,Promote basic education for all,Health Education
Rape,Maternal/Reproductive,Reduce adult illiteracy,Other Preventive Measures
Rape,Maternal/Reproductive,Promote family/community moral values,Health Education
Rape,Maternal/Reproductive,Promote basic health education,Health Education
Rape,Maternal/Reproductive,Promote safe shelter and neighbourhoods,Health Education
Rape,Maternal/Reproductive,Enforce existing laws on rape,Other Preventive Measures
Rape,Maternal/Reproductive,Legislate for new laws to deter potential rapists and protect females,Other Preventive Measures
Rape,Maternal/Reproductive,Legislate for review to abortion law to allow for termination of pregnancy in case of rape,Other Preventive Measures
Rape,Maternal/Reproductive,Promote socio-economic well-being for all,Health Education
Rheumatic Heart Disease,Cardiovascular,Personal hygiene and good sanitation to prevent recurrence of rheumatic fever,Hygiene/Sanitation
Rheumatic Fever,Cardiovascular,Good sanitation,Hygiene/Sanitation
Rheumatic Fever,Cardiovascular,School surveys - identify carriers of streptococcus and treat,Dietary/Nutritional
Rheumatic Fever,Cardiovascular,Secondary prevention and prophylaxis against endocarditis,Other Preventive Measures
Schizophrenia,Neurological/Mental,No clear/specific scope for primary Prevention at present,Other Preventive Measures
Schizophrenia,Neurological/Mental,Secondary and tertiary: Early and effective treatment,Dietary/Nutritional
Schizophrenia,Neurological/Mental,Rehabilitation to reduce disability,Other Preventive Measures
Scleritis/Episcleritis,Ophthalmology,No real preventive measures available,Other Preventive Measures
Seizures/Epilepsies,Neurological/Mental,Prompt treatment of fever in children to avoid febrile convulsions,Dietary/Nutritional
Seizures/Epilepsies,Neurological/Mental,Prevention of head injuries mainly from automobile accidents,Other Preventive Measures
Seizures/Epilepsies,Neurological/Mental,Treat diseases of the brain early to avoid poor healing and death of brain cells,Dietary/Nutritional
Seizures/Epilepsies,Neurological/Mental,Immunization of children against communicable diseases,Vaccination/Immunisation
Seizures/Epilepsies,Neurological/Mental,Address causative factors (see above),Other Preventive Measures
Seizures/Epilepsies,Neurological/Mental,"Avoid driving and swimming unattended, and operation of machinery",Other Preventive Measures
Sickle Cell Disease,Haematological,Advice on the risks involved in marriages between carriers and between sicklers,Other Preventive Measures
Sickle Cell Disease,Haematological,Anti-pneumococcal vaccine (once every 5 years),Vaccination/Immunisation
Sickle Cell Disease,Haematological,"Providing infection prophylaxis: Anti-malarial, Anti-pneumococcal, Hepatitis B, pneumococcal, H influenza and other childhood vaccines",Vaccination/Immunisation
Sinusitis,"ENT (Ear, Nose & Throat)","Avoid airway irritants, smoking, and alcohol",Other Preventive Measures
Sinusitis,"ENT (Ear, Nose & Throat)",Avoid air pollution,Other Preventive Measures
Sinusitis,"ENT (Ear, Nose & Throat)",Maintain good general health and nutrition,Dietary/Nutritional
Snake Bite,Surgical/Emergency,First-Aid and Transport to the Hospital: Avoid harmful practices such as sucking out poison or using arterial tourniquets; Protective measures to reduce risk of snake bites,Other Preventive Measures
"Stroke (Brain Attack, Cerebrovascular Disease, Apoplexy)",Neurological/Mental,"Treat/control known risk factors: Hypertension, diabetes mellitus; cardiac diseases; hyperlipidaemia; obesity; smoking and excessive alcohol consumption",Dietary/Nutritional
"Stroke (Brain Attack, Cerebrovascular Disease, Apoplexy)",Neurological/Mental,"Low dose aspirin (acetylsalicylic acid) is recommended as antiplatelet agent to prevent ischaemia in those at risk, if tolerated",Other Preventive Measures
Stye (Hordeolum),Ophthalmology,Clean eyelids regularly and thoroughly,Hygiene/Sanitation
Stye (Hordeolum),Ophthalmology,"For recurrent styes, use baby shampoo to clean the eyelashes regularly",Hygiene/Sanitation
Syncope (Fainting),Cardiovascular,Avoid prolonged standing,Other Preventive Measures
Syncope (Fainting),Cardiovascular,Treat underlying cardiac disease,Dietary/Nutritional
Syncope (Fainting),Cardiovascular,Avoid dehydration or excessive fluid loss,Other Preventive Measures
Syncope (Fainting),Cardiovascular,Ensure adequate calorie and avoid prolonged fasting,Other Preventive Measures
Syncope (Fainting),Cardiovascular,Use medication as prescribed by physicians and avoid overdosage to compensate for missed doses,Other Preventive Measures
Syphilis,Infectious/Tropical,"Counselling, Compliance, Condom use and Contact treatment",Health Education
Syphilis,Infectious/Tropical,"All infants born to seropositive mothers should be treated with a single intramuscular dose of benzathine penicillin 50,000 units/kg, whether or not the mothers were treated during pregnancy (with or without penicillin)",Dietary/Nutritional
Syphilis,Infectious/Tropical,Prevention of congenital syphilis is feasible,Other Preventive Measures
Syphilis,Infectious/Tropical,Programmes should implement effective screening strategies for syphilis in pregnant women,Screening/Early Detection
Syphilis,Infectious/Tropical,Screening for syphilis should be conducted at the first prenatal visit,Screening/Early Detection
Syphilis,Infectious/Tropical,Some programmes have found it beneficial to repeat the tests at 28 weeks of pregnancy and at delivery in populations with a high incidence of congenital syphilis,Screening/Early Detection
Tetanus,Infectious/Tropical,"Active immunization of all partially or un-immunized adults, those recovering from tetanus, all pregnant women, infants and un-immunized (missed) children.",Vaccination/Immunisation
Tetanus,Infectious/Tropical,Health education,Health Education
Tetanus,Infectious/Tropical,Improvement in socio-economic status,Other Preventive Measures
The Paralyzed Patient,Neurological/Mental,Immunization against poliomyelitis in childhood,Vaccination/Immunisation
The Paralyzed Patient,Neurological/Mental,Screening for cancer and early management before metastatic spread,Screening/Early Detection
The Paralyzed Patient,Neurological/Mental,Prevention of stroke (see section on Stroke and other causes listed above),Other Preventive Measures
The Paralyzed Patient,Neurological/Mental,Avoid known precipitants like heavy meals or exercise for periodic paralysis; infection or poor compliance for MG crisis,Lifestyle/Exercise
The Unconscious Patient,Neurological/Mental,"Accessible, efficient and effective health care service delivery",Other Preventive Measures
The Unconscious Patient,Neurological/Mental,Early reporting/detection of ill health,Other Preventive Measures
The Unconscious Patient,Neurological/Mental,Adherence to medications and non-drug measures in managing disease states,Other Preventive Measures
The Unconscious Patient,Neurological/Mental,Public Health Education; Promote awareness on avoidance of risk factors,Health Education
Trachoma,Ophthalmology,"SAFE strategy: Surgery for trichiasis, Antibiotics for active disease, Face washing and Environmental changes",Hygiene/Sanitation
Trachoma,Ophthalmology,Improve personal and public hygiene,Hygiene/Sanitation
Trachoma,Ophthalmology,Treat the whole community with topical or systemic antibiotics,Dietary/Nutritional
Trachoma,Ophthalmology,Prompt surgery for trichiasis and entropion to prevent blindness from corneal scarring.,Other Preventive Measures
Apnea in a Child,Paediatric,Early commencement of CPAP in a spontaneously breathing neonate,Dietary/Nutritional
Apnea in a Child,Paediatric,Early commencement of CPAP in a spontaneously breathing neonate,Dietary/Nutritional
Trichomoniasis,Infectious/Tropical,"Counselling, Compliance, Condom use and Contact treatment",Health Education
Trypanosomiasis (Sleeping Sickness),Infectious/Tropical,Surveillance and treatment,Dietary/Nutritional
Trypanosomiasis (Sleeping Sickness),Infectious/Tropical,Chemoprophylaxis,Other Preventive Measures
Trypanosomiasis (Sleeping Sickness),Infectious/Tropical,Vector control by selective clearing of vegetation and use of insecticides.,Vector Control
Tumour Lysis Syndrome,Oncology,Hyperhydration of patient at least 24 hours prior to commencement of chemotherapy using non-potassium containing IVF at 2-3L/m2/day,Other Preventive Measures
Tumour Lysis Syndrome,Oncology,Sodium bicarbonate for the alkalinization of urine,Other Preventive Measures
Tumour Lysis Syndrome,Oncology,Allopurinol administration,Other Preventive Measures
Tumour Lysis Syndrome,Oncology,"Rasburicase- in high risk patients, used in place of allopurinol",Other Preventive Measures
Typhoid Fever (Enteric Fever),Infectious/Tropical,"Eliminate Salmonella by effective treatment of cases, improved sewage management, improved water treatment and improved food hygiene (production, transit, storage, and utilization)",Hygiene/Sanitation
Typhoid Fever (Enteric Fever),Infectious/Tropical,Typhoid immunization is recommended for those at risk.,Vaccination/Immunisation
Typhoid Fever (Enteric Fever),Infectious/Tropical,Not a substitute for scrupulous personal and environmental hygiene,Hygiene/Sanitation
Typhoid Fever (Enteric Fever),Infectious/Tropical,"Identify, and treat chronic carriers with amoxicillin or ciprofloxacin daily for 4 - 6 weeks.",Dietary/Nutritional
Typhoid Fever (Enteric Fever),Infectious/Tropical,In patients with urolithiasis and schistosomiasis appropriate treatment should be instituted,Dietary/Nutritional
Typhoid Fever (Enteric Fever),Infectious/Tropical,Correct anatomic abnormalities associated with the disease surgically.,Other Preventive Measures
Typhoid Fever (Enteric Fever),Infectious/Tropical,Cholecystectomy may be required in some cases,Other Preventive Measures
Urethral Strictures,Renal/Urological,Ensure Prevention of sexually transmitted infections,Safe Sexual Practices
Urethral Strictures,Renal/Urological,Prompt and appropriate treatment of sexually transmitted infections,Dietary/Nutritional
Urethral Strictures,Renal/Urological,Care and attention to asepsis during instrumentation procedures involving the urethra,Other Preventive Measures
Urinary Schistosomiasis,Infectious/Tropical,Provision of and access to pipe-borne water,Other Preventive Measures
Urinary Schistosomiasis,Infectious/Tropical,Improvement in socio-economic conditions,Other Preventive Measures
Urinary Schistosomiasis,Infectious/Tropical,Mass chemotherapy in endemic areas,Other Preventive Measures
Urinary Schistosomiasis,Infectious/Tropical,Eradicating the intermediate hosts (water snails),Other Preventive Measures
Urticaria and Angioedema,Dermatological,Eliminate/avoid any identified/possible causal factor(s),Other Preventive Measures
Varicella (Chickenpox),Infectious/Tropical,Isolate patients from non-immune persons,Other Preventive Measures
Viral Warts (Verrucae),Infectious/Tropical,Women with genital HPV infection should have routine cervical cytologic screening,Screening/Early Detection
Viral Warts (Verrucae),Infectious/Tropical,Papanicolaou (PAP) smear to detect cervical dysplasia,Other Preventive Measures
Vitamin A Deficiency,Nutritional,"Eat foods rich in vitamin A, in adequate amounts",Dietary/Nutritional
Vitamin A Deficiency,Nutritional,Family and community health education,Health Education
Vitamin A Deficiency,Nutritional,"Eat foods rich in vitamin A, in adequate amounts",Dietary/Nutritional
Vitamin A Deficiency,Nutritional,Family and community health education,Health Education
Vitamin K Deficiency Bleeding,Haematological,Babies are given Vitamin K1 routinely within 90 minutes after birth at the dose of 0.5 mg for those less than 1.5 kg and 1 mg for those 1.5 kg and above.,Other Preventive Measures
Vitamin K Deficiency Bleeding,Haematological,Babies are given Vitamin K1 routinely within 90 minutes after birth at the dose of 0.5 mg for those less than 1.5 kg and 1 mg for those 1.5 kg and above.,Other Preventive Measures
Vulvo-Vaginal Candidiasis,Maternal/Reproductive,Reduce or eliminate predisposing factors,Other Preventive Measures
Vulvo-Vaginal Candidiasis,Maternal/Reproductive,After defecation cleaning should be done backwards to prevent faecal contamination of the vulva and vagina,Hygiene/Sanitation
Xerophthalmia,Nutritional,Distribution of massive dose capsules of vitamin A to affected communities,Other Preventive Measures
Xerophthalmia,Nutritional,Nutrition and health education,Health Education
Xerophthalmia,Nutritional,Fortification of foods with vitamin A,Dietary/Nutritional
